name,description,population,established_at
Villa Serrano,Varanus albigularis,13236,6/13/2024
Godong,Lamprotornis sp.,99581,1/8/2024
Ramain,Butorides striatus,34682,7/3/2024
Néa Ionía,Ramphastos tucanus,39277,5/1/2024
Bené Beraq,Sula nebouxii,40929,3/27/2024
Ngrejo,Castor fiber,47573,8/7/2023
Borås,Tayassu pecari,18854,6/28/2024
Jiashan,Buteo galapagoensis,12766,4/30/2024
Kėdainiai,Otaria flavescens,28992,11/11/2023
Wrząsowice,Ovis orientalis,29312,1/9/2024
Fengmen,Castor canadensis,86123,6/30/2024
Sult,Alopochen aegyptiacus,70581,5/7/2024
Arras,Geochelone elegans,18096,3/23/2024
Indralayang,Creagrus furcatus,77247,10/13/2023
Heping,Plegadis ridgwayi,94722,11/24/2023
Kiel,Bassariscus astutus,93471,12/16/2023
San Marcos,Buteo jamaicensis,67564,6/21/2024
Áno Liósia,Streptopelia decipiens,76582,10/7/2023
Chartres,Ploceus intermedius,42073,5/15/2024
Chenxikou,Coracias caudata,68065,6/10/2024
Sarov,Paraxerus cepapi,57574,1/29/2024
Xiaozhang,Aonyx capensis,23614,8/26/2023
Krajan,Ploceus intermedius,81842,6/27/2024
Yuqunweng,Chordeiles minor,13430,1/8/2024
Hodošan,Ursus americanus,62249,4/2/2024
Lere,Pavo cristatus,52001,12/28/2023
Sokarame,Crocodylus niloticus,36775,9/4/2023
Makadi Bay,Francolinus swainsonii,61113,11/25/2023
Omoa,Loxodonta africana,55085,7/11/2023
Pyrgetós,Cyrtodactylus louisiadensis,14176,6/29/2024
Falun,Streptopelia senegalensis,24424,5/7/2024
Postira,Crocodylus niloticus,38649,1/21/2024
Banjar Dauhpura,Ninox superciliaris,99228,6/4/2024
Sigetec,Myiarchus tuberculifer,76582,6/11/2024
Oskarshamn,Gyps fulvus,42356,6/9/2024
Jiandou,Tachybaptus ruficollis,74621,8/15/2023
Paraná,Litrocranius walleri,84333,4/4/2024
Lututów,Macaca mulatta,33624,3/6/2024
Trilj,Grus antigone,17446,9/4/2023
Agios Dimitrios,Creagrus furcatus,63226,11/19/2023
Radojevo,Scolopax minor,74970,12/4/2023
Chambéry,Grus rubicundus,26163,3/10/2024
Novorossiysk,Delphinus delphis,51896,6/29/2024
Andir,Panthera leo,89597,6/5/2024
Lyuboml’,Acrobates pygmaeus,78571,5/5/2024
Desa Kertasari,Dendrohyrax brucel,11921,3/26/2024
Karangmulyo,Oryx gazella,78653,6/30/2024
Lodhrān,Butorides striatus,73297,5/27/2024
Mabilog,Priodontes maximus,34330,5/16/2024
Klutuk,Estrilda erythronotos,32684,4/1/2024
Linjiang,Fratercula corniculata,84976,3/23/2024
Gualaceo,Ninox superciliaris,33723,3/2/2024
Rosh Ha‘Ayin,Choriotis kori,69108,10/17/2023
Arauco,Spheniscus mendiculus,42488,6/26/2024
Lamoso,Physignathus cocincinus,78044,4/12/2024
Mirovice,Physignathus cocincinus,11362,4/10/2024
Hollola,Toxostoma curvirostre,57818,2/14/2024
Arroyo Seco,Physignathus cocincinus,11862,12/16/2023
Hepu,Mycteria leucocephala,74677,11/29/2023
Kertorejo,Graspus graspus,39698,4/14/2024
Drenova,Macaca mulatta,33789,2/21/2024
Jiepai,Acrantophis madagascariensis,50875,12/23/2023
Nioki,Acrobates pygmaeus,40217,7/28/2023
Marly-le-Roi,Alouatta seniculus,83735,12/27/2023
Cimadang,Spermophilus parryii,87736,12/8/2023
Lobuni,Sarkidornis melanotos,63769,4/22/2024
Krasnyye Barrikady,Gerbillus sp.,16560,6/3/2024
Biên Hòa,Chauna torquata,79193,4/29/2024
Cikandang,Choriotis kori,42030,5/22/2024
Rancabuaya,Calyptorhynchus magnificus,73178,2/11/2024
Tamandaré,Crotalus triseriatus,29461,5/6/2024
Nefta,Dacelo novaeguineae,32442,10/26/2023
São José de Ribamar,Bettongia penicillata,63298,5/26/2024
Yonggu,Graspus graspus,81556,12/8/2023
San Celestio,Alopex lagopus,64686,2/6/2024
Ptghunk’,Butorides striatus,68712,12/18/2023
Kuala Terengganu,Genetta genetta,62361,4/2/2024
Pompéu,Haliaetus vocifer,63104,12/21/2023
Arhust,Heloderma horridum,67950,2/29/2024
Huesca,Lepilemur rufescens,70587,6/5/2024
Point Hill,unavailable,98294,3/27/2024
Na Klang,Tapirus terrestris,93788,10/3/2023
Kabo,Gopherus agassizii,50534,8/25/2023
Arias,Psophia viridis,13591,8/14/2023
Větřní,Papilio canadensis,98678,8/16/2023
Ntoke,Physignathus cocincinus,56237,10/11/2023
Lijia,Canis lupus,63617,4/21/2024
Moca,Trichosurus vulpecula,30099,3/30/2024
Den Haag,unavailable,98845,3/8/2024
Voskhod,Corvus albicollis,92622,7/31/2023
Tlogosadang,Chelodina longicollis,87977,3/15/2024
Mtinko,Phascogale calura,42232,9/15/2023
Chisec,Sylvicapra grimma,81581,11/17/2023
Ciudad Bolivia,Plocepasser mahali,34644,7/8/2023
Little Rock,Paraxerus cepapi,34975,10/25/2023
Franco da Rocha,Crax sp.,94664,12/19/2023
Las Palmas,unavailable,70865,4/6/2024
Libušín,Phalacrocorax varius,93705,5/24/2024
Tabuny,Columba livia,20697,11/21/2023
Borbon,Iguana iguana,44674,12/19/2023
Rancasadang,Prionace glauca,25218,7/20/2023
Santo Aleixo,Notechis semmiannulatus,43219,8/25/2023
Rouen,Macropus agilis,42324,2/22/2024
Trujillo,Eolophus roseicapillus,81195,10/12/2023
Obuasi,Phascogale calura,85126,9/21/2023
Akhtopol,Fratercula corniculata,67052,10/28/2023
Santa Cruz Balanyá,Spermophilus richardsonii,30570,5/16/2024
Mnogoudobnoye,Antilope cervicapra,65473,3/15/2024
Dīla,Bassariscus astutus,96442,6/8/2024
Lleida,Thylogale stigmatica,17279,1/11/2024
Khon San,Elephas maximus bengalensis,78127,3/6/2024
20 de Noviembre,Mellivora capensis,14402,3/16/2024
Banjar Parekan,Tyto novaehollandiae,94528,10/13/2023
Muang Pakxan,Dasyurus viverrinus,44782,7/28/2023
Jocotán,Mycteria leucocephala,58470,11/16/2023
Wates,Balearica pavonina,65348,9/20/2023
Plyussa,Corvus albus,15290,1/10/2024
Ấp Tân Ngãi,Spizaetus coronatus,30541,1/16/2024
Dūrā al Qar‘,Castor fiber,21595,12/18/2023
Xinshancun,Coluber constrictor,65670,4/24/2024
Margita,Francolinus swainsonii,91495,7/14/2023
Älvsbyn,Meles meles,31773,2/1/2024
Huilong,Speothos vanaticus,89082,5/9/2024
Loo,Genetta genetta,16882,11/21/2023
Cochrane,Myrmecophaga tridactyla,32307,5/13/2024
Zdounky,Chlidonias leucopterus,64831,8/7/2023
Molochnoye,Lamprotornis nitens,32778,11/3/2023
Quipot,Orcinus orca,84919,9/9/2023
Dongyangzhen,Psittacula krameri,82321,7/3/2024
Shuyuan,Halcyon smyrnesis,69067,1/5/2024
Barrouallie,Sciurus vulgaris,52167,10/15/2023
Shangxing,Vulpes cinereoargenteus,84966,9/9/2023
Yangshufang,Lepilemur rufescens,85997,12/16/2023
Guanlu,Francolinus leucoscepus,12388,12/6/2023
Yumbo,Aonyx cinerea,42416,6/25/2024
Rubik,Grus antigone,96984,8/21/2023
Werang,Ceratotherium simum,69021,10/9/2023
Liancheng,Cynictis penicillata,73492,6/18/2024
Los Aquijes,Graspus graspus,98591,12/15/2023
Lazaro Cardenas,Haematopus ater,10304,8/5/2023
Mushie,Upupa epops,70743,9/4/2023
Shuanggang,Oxybelis fulgidus,12109,12/31/2023
Conduaga,Felis silvestris lybica,35665,5/27/2024
Tijucas,Melanerpes erythrocephalus,48046,1/1/2024
Putukrejo,Vanellus chilensis,47990,3/11/2024
Zhutian,Streptopelia senegalensis,55310,4/16/2024
Huangmao,Rana sp.,60550,3/8/2024
Abbeville,Haematopus ater,14711,1/21/2024
Sumbawa Besar,Pseudocheirus peregrinus,29693,11/22/2023
Hengdian,Neophoca cinerea,15395,3/27/2024
Tulle,Delphinus delphis,17554,4/30/2024
Parksville,Mirounga leonina,72692,12/19/2023
Santiago de Cuba,Geochelone radiata,12715,4/16/2024
Onomichi,Crocodylus niloticus,12605,2/16/2024
Maoping,Callorhinus ursinus,84285,5/8/2024
Paripiranga,Delphinus delphis,60722,4/30/2024
Edéa,Macropus eugenii,58908,2/14/2024
Ålesund,Galictis vittata,59176,7/7/2023
Hassi Berkane,Tachybaptus ruficollis,38723,7/6/2024
Maiduguri,unavailable,22307,12/6/2023
Podbrdo,Xerus sp.,72733,3/4/2024
Xiadian,Thamnolaea cinnmomeiventris,73846,9/10/2023
Hengxi,Papio cynocephalus,39693,8/16/2023
Arles,Mycteria leucocephala,30947,4/25/2024
Usu,Rhea americana,29524,8/18/2023
Santa Quitéria do Maranhão,Carphophis sp.,44414,1/9/2024
Saint Helier,unavailable,20916,10/16/2023
Hînceşti,Morelia spilotes variegata,45055,10/27/2023
Lindesberg,Thalasseus maximus,82556,7/12/2023
Capitán Bermúdez,Macropus giganteus,63535,11/11/2023
Sepīdān,unavailable,29236,7/28/2023
Mthatha,Actophilornis africanus,54140,9/30/2023
Sidi Yahya Ou Saad,Butorides striatus,76362,7/16/2023
Liucun,Varanus salvator,85623,12/8/2023
Hämeenkoski,Naja haje,64423,1/5/2024
Lewotukan,Lamprotornis chalybaeus,81186,8/17/2023
Hřebeč,Egretta thula,34510,2/7/2024
Rio de Mouro,Pycnonotus barbatus,52107,4/11/2024
Yabēlo,Eudyptula minor,13392,2/15/2024
Borovany,Phoenicopterus ruber,98980,12/20/2023
Al Muwayh,Oryx gazella callotis,91368,6/10/2024
Maradi,Tachybaptus ruficollis,96144,10/4/2023
Zhangjiaji,Canis aureus,94444,6/30/2024
Nackawic,Dasyurus viverrinus,90765,4/30/2024
Pangai,Ovis canadensis,89277,10/8/2023
Hermanus,Plegadis falcinellus,13015,7/5/2024
Nacala,Herpestes javanicus,67420,7/28/2023
Polo,Sula dactylatra,25225,5/31/2024
Auch,Taurotagus oryx,76343,2/17/2024
Chengshan,Branta canadensis,11827,8/19/2023
Zhigulevsk,Marmota flaviventris,52524,1/7/2024
Boucinhas,Vulpes chama,91267,12/4/2023
Angan,Ammospermophilus nelsoni,92081,6/6/2024
Rodionovo-Nesvetaiskoye,Columba livia,39262,5/2/2024
Spas-Klepiki,Limosa haemastica,23423,11/25/2023
Vila Chã,Paraxerus cepapi,90351,8/9/2023
Cueto,Galictis vittata,76246,10/23/2023
Vacov,Eolophus roseicapillus,97242,10/24/2023
Muang Pakxan,Nyctereutes procyonoides,79674,1/20/2024
Monze,Oryx gazella,49616,4/10/2024
Huochang,Castor canadensis,54699,1/11/2024
Bagou,Trachyphonus vaillantii,63624,2/27/2024
Perpignan,Ephippiorhynchus mycteria,25268,10/13/2023
Liulin,Redunca redunca,48607,1/26/2024
Södertälje,Tragelaphus scriptus,77430,8/15/2023
"Palmas De Gran Canaria, Las",Canis aureus,58468,3/11/2024
Monte Branco,Neophoca cinerea,38259,6/3/2024
Obrera,Pelecanus conspicillatus,87403,7/23/2023
Bordeaux,Herpestes javanicus,50430,2/27/2024
Yangong,Neotis denhami,75877,11/24/2023
Blumenau,Oreamnos americanus,76932,8/10/2023
Zhaodong,Nyctereutes procyonoides,95498,5/30/2024
Sampaio,Terathopius ecaudatus,30094,6/13/2024
Laleng,Physignathus cocincinus,88862,10/19/2023
Chengzhai,Lutra canadensis,57799,11/25/2023
Laojiangjunjie,Marmota monax,98775,9/18/2023
Sumberjeruk,Macropus eugenii,79772,4/17/2024
Xianshui,Connochaetus taurinus,39457,1/11/2024
Privolzhskiy,Lamprotornis nitens,14874,4/20/2024
Ambovombe,Nannopterum harrisi,18212,11/16/2023
Laoxingchang,Felis wiedi or Leopardus weidi,64471,1/4/2024
Qigzhi,Scolopax minor,45268,5/30/2024
Wangtai,Upupa epops,34812,9/18/2023
Baltimore,Rangifer tarandus,24714,12/17/2023
Paris La Défense,Pavo cristatus,36334,9/4/2023
Karaidel’,Eudyptula minor,84013,11/26/2023
Temizhbekskaya,Upupa epops,16764,9/4/2023
Mlaka pri Kranju,Sagittarius serpentarius,69000,6/15/2024
Porvenir,Ardea golieth,58383,12/7/2023
Shchastya,Psophia viridis,67010,8/12/2023
El Paisnal,Acridotheres tristis,49068,8/8/2023
Faaone,Haliaetus leucogaster,87014,4/4/2024
Pewel Wielka,Eumetopias jubatus,76081,12/29/2023
Poitiers,Eubalaena australis,38837,3/12/2024
San Rafael,Plegadis falcinellus,67419,12/13/2023
Airdrie,Phoeniconaias minor,64707,12/30/2023
Ell,Tiliqua scincoides,87867,9/28/2023
Puntaru,Eubalaena australis,80350,3/18/2024
Kembangkerang Satu,Bradypus tridactylus,23752,12/26/2023
Agía Triáda,Tiliqua scincoides,68841,3/20/2024
Dingcheng,Phascogale calura,50906,9/30/2023
San Antonio,Potamochoerus porcus,79354,5/17/2024
Ubiaja,Dipodomys deserti,46661,12/2/2023
Ob’,Chlidonias leucopterus,84330,9/22/2023
Chruszczobród,Crotalus adamanteus,41672,7/17/2023
Banjar Parekan,Spheniscus magellanicus,89292,11/16/2023
Xianghu,Vulpes vulpes,79798,1/26/2024
Mętków,Agelaius phoeniceus,15161,7/28/2023
Meylan,Spermophilus tridecemlineatus,75006,3/14/2024
Cam Ranh,Ratufa indica,37678,11/15/2023
Mazongling,Felis chaus,86879,1/19/2024
Shumikha,Coluber constrictor,21757,5/1/2024
Rumat Heib,Felis concolor,41611,5/26/2024
Zhiqing Songduo,Funambulus pennati,22336,11/16/2023
Darpas,Anathana ellioti,19158,1/9/2024
Ponta Delgada,Lamprotornis nitens,21853,9/25/2023
Sepulu,Dasyurus maculatus,11701,9/19/2023
Nová Cerekev,Damaliscus dorcas,66881,8/30/2023
Eguia,Eolophus roseicapillus,42158,1/29/2024
Tengah,Eutamias minimus,13432,10/26/2023
Manama,Megaderma spasma,44515,1/13/2024
Tarvasjoki,Canis dingo,50881,12/4/2023
Gensi,Caiman crocodilus,56034,8/8/2023
Burrel,Chionis alba,92631,4/16/2024
Al Judayrah,Graspus graspus,65917,2/18/2024
Sanguinheira,Tragelaphus angasi,53834,4/9/2024
El Capulin,Mirounga leonina,68212,10/9/2023
Sukadana,Odocoileus hemionus,20102,11/24/2023
Mongaguá,Ara macao,21458,5/3/2024
Amadeo,Coendou prehensilis,72730,3/11/2024
Akita Shi,Choloepus hoffmani,33218,3/28/2024
Bergen,Gopherus agassizii,55711,9/7/2023
San Ignacio,Dicrostonyx groenlandicus,78745,11/2/2023
Nantai,Connochaetus taurinus,29152,11/2/2023
Al Hāshimīyah,Sarkidornis melanotos,10614,7/15/2023
Trmice,Tadorna tadorna,32004,6/20/2024
Cantagallo,Spilogale gracilis,89792,2/3/2024
Melíssi,Tadorna tadorna,80635,1/1/2024
Bilar,Ploceus intermedius,70094,11/13/2023
Angkup,Antilope cervicapra,72936,9/10/2023
Licheń Stary,Alligator mississippiensis,95808,2/12/2024
Kallinge,Loris tardigratus,56586,3/5/2024
Voyinka,Ovis musimon,40598,2/3/2024
Guam Government House,Ursus americanus,84270,6/18/2024
Lovisa,Delphinus delphis,82081,11/3/2023
Bokor,Manouria emys,99344,9/12/2023
Port-Cartier,Tamandua tetradactyla,14547,12/13/2023
Magang,Oreotragus oreotragus,93044,6/6/2024
Starobelokurikha,Pavo cristatus,96513,10/12/2023
Ramanavichy,Taxidea taxus,13981,3/17/2024
San Rafael,Buteo jamaicensis,45869,8/20/2023
Asunción,Papilio canadensis,86627,6/29/2024
Linköping,Lorythaixoides concolor,63330,8/23/2023
Kouzhen,Phasianus colchicus,27835,1/7/2024
San Rafael,Perameles nasuta,85592,6/14/2024
Minle,Chelodina longicollis,21382,8/31/2023
Karangtanjung,Bucorvus leadbeateri,91700,8/5/2023
Longos,Merops bullockoides,13382,3/11/2024
Zhuozishan,Pseudocheirus peregrinus,62445,9/4/2023
Duraykīsh,Ammospermophilus nelsoni,89157,1/18/2024
Estancia,Anthropoides paradisea,55080,12/26/2023
Keli,unavailable,59915,11/5/2023
Bagalangit,Sylvicapra grimma,92605,9/2/2023
Pampa Hermosa,Lycosa godeffroyi,95549,2/25/2024
Long Beluah,Sarcorhamphus papa,89364,11/20/2023
Néa Ionía,Tringa glareola,37183,4/17/2024
Soutelo,Lorythaixoides concolor,11649,10/16/2023
Indaiatuba,Ara chloroptera,86899,6/9/2024
Wilga,Pteropus rufus,63548,5/21/2024
Uijeongbu-si,Chelodina longicollis,20091,10/24/2023
Qinghua,Macropus giganteus,27000,4/11/2024
Xankandi,Crotalus triseriatus,45860,12/28/2023
Mizur,Tapirus terrestris,86701,4/22/2024
Savé,Cereopsis novaehollandiae,98492,4/12/2024
Meipu,Cacatua tenuirostris,19936,4/29/2024
Štěchovice,Phalaropus lobatus,54879,12/17/2023
Mbouda,Graspus graspus,96611,9/10/2023
Duang,Lamprotornis chalybaeus,59632,6/5/2024
Madjeouéni,Larus novaehollandiae,28238,7/9/2023
Stobreč,Leprocaulinus vipera,89493,8/28/2023
Beijós,Aonyx cinerea,82343,12/26/2023
Badovinci,Loris tardigratus,65658,10/23/2023
Rasskazovo,Oreamnos americanus,11977,1/30/2024
San Francisco,Geochelone elegans,73835,8/13/2023
Golynki,Madoqua kirkii,70655,11/20/2023
Saravia,Pelecanus conspicillatus,62271,5/25/2024
Moratuwa,Petaurus norfolcensis,40867,8/14/2023
Nýřany,Pelecanus conspicillatus,67753,3/7/2024
Liangwangzhuang,Recurvirostra avosetta,17631,1/1/2024
La Banda,Graspus graspus,41778,4/3/2024
Burgos,Antidorcas marsupialis,77426,10/2/2023
Cuauhtemoc,Crotaphytus collaris,14273,5/23/2024
Changxingbao,Panthera leo persica,29775,3/12/2024
Lastoursville,Chelodina longicollis,61324,5/27/2024
Norak,Lycaon pictus,92428,12/5/2023
‘Arad,Petaurus norfolcensis,92436,5/24/2024
Oymak,Cebus albifrons,50325,4/8/2024
Tangqian,Macaca radiata,85553,1/23/2024
Palatine,unavailable,50212,7/9/2023
Calabugao,Cervus duvauceli,61356,7/5/2024
Ufa,Uraeginthus granatina,54635,1/3/2024
Kuta,Lophoaetus occipitalis,22171,6/8/2024
Cabañas,Pituophis melanaleucus,63976,7/6/2024
Wonorejo,Megaderma spasma,59044,12/21/2023
Voskehask,Casmerodius albus,98134,4/2/2024
Solsona,Mellivora capensis,63925,11/23/2023
Loket,Nannopterum harrisi,28547,4/5/2024
An Châu,Colobus guerza,21479,7/17/2023
Triteh,Theropithecus gelada,72015,1/27/2024
Rio Covo,Felis caracal,13192,8/26/2023
Santa Maria do Souto,Ardea golieth,22969,1/27/2024
Dalupaon,Herpestes javanicus,79383,5/17/2024
Huyuan,Psophia viridis,94246,6/10/2024
Vale das Mós,Phascogale calura,19765,3/19/2024
Malim,Sciurus vulgaris,67210,6/11/2024
Jiazhuang,Antidorcas marsupialis,55910,10/3/2023
Zakroczym,Canis mesomelas,81135,12/2/2023
Zhoutian,Crocodylus niloticus,34136,1/26/2024
Tyresö,Terrapene carolina,21862,12/17/2023
Yaosai,Tayassu pecari,45373,10/28/2023
Xintang,Vanellus chilensis,77032,6/17/2024
Jianjun,Columba palumbus,84283,5/21/2024
Almirante Tamandaré,Acridotheres tristis,23417,5/24/2024
Sadao,Galago crassicaudataus,91791,6/20/2024
Orléans,Macropus fuliginosus,57433,12/31/2023
Solna,Sciurus vulgaris,31772,8/26/2023
Khallat Şāliḩ,Bison bison,23984,12/4/2023
Fagatogo,Vulpes chama,33859,12/29/2023
Jinrui,Anas bahamensis,88861,9/15/2023
Varnsdorf,Boa caninus,28513,12/27/2023
Staritsa,Leipoa ocellata,70796,7/3/2024
Patulul,Lamprotornis sp.,91032,10/7/2023
Vyerkhnyadzvinsk,Chamaelo sp.,92428,1/3/2024
Aragarças,Gyps fulvus,49581,12/1/2023
Argotirto Krajan,Laniarius ferrugineus,74596,4/28/2024
Tacoma,Lutra canadensis,20991,11/10/2023
Limón,Otaria flavescens,18293,9/2/2023
Nizhniy Dzhengutay,Macropus giganteus,13315,3/6/2024
Qiaozhuang,Neotis denhami,12238,2/13/2024
Tamorot,Haematopus ater,97345,12/11/2023
Almeirim,Gorilla gorilla,37568,12/27/2023
Javarthushuu,Macropus agilis,20586,1/13/2024
Zborište,Acrantophis madagascariensis,45848,8/17/2023
Nicola Town,Carduelis uropygialis,80095,8/26/2023
Xinghua,Bradypus tridactylus,69169,5/18/2024
Cikondang,Spilogale gracilis,98195,2/18/2024
Surgut,Merops bullockoides,90620,12/2/2023
Pargas,Cathartes aura,78923,10/21/2023
Guaduas,Francolinus swainsonii,24139,3/27/2024
Arroio do Meio,Genetta genetta,83024,10/25/2023
Saint-Denis,Pitangus sulphuratus,19228,6/20/2024
Ráquira,Tamandua tetradactyla,67295,9/2/2023
Włosienica,Dasypus novemcinctus,22401,7/13/2023
Ashgabat,Gyps bengalensis,10670,9/28/2023
Escazú,Macropus rufus,14253,3/29/2024
Araras,Connochaetus taurinus,65543,5/1/2024
Touba,Bubalornis niger,70199,7/3/2024
Jenesano,Antechinus flavipes,45327,1/1/2024
Pisan,Streptopelia decipiens,33070,11/1/2023
Krajan,Cracticus nigroagularis,60334,10/25/2023
Dante Delgado,Butorides striatus,27625,10/22/2023
Ngawi,Chlamydosaurus kingii,67552,10/21/2023
Pamplona,Bucephala clangula,44461,3/23/2024
Tangwu,Halcyon smyrnesis,75518,5/2/2024
Zhongdeng,unavailable,88346,3/5/2024
Orsha,Geochelone elegans,82124,8/7/2023
Tugdan,Ardea cinerea,50283,12/23/2023
Cruz del Eje,Felis silvestris lybica,63899,12/30/2023
Kaduseeng,Papio cynocephalus,90040,6/2/2024
Sanhu,Ovis orientalis,20007,3/12/2024
Pavliš,Pavo cristatus,74107,10/25/2023
Granja,unavailable,18495,8/8/2023
Shiojiri,Platalea leucordia,72911,11/23/2023
Senadan,Diomedea irrorata,84297,5/14/2024
Thị Trấn Thọ Xuân,Merops nubicus,82872,10/15/2023
Synevyr,Bucorvus leadbeateri,59527,9/14/2023
Manamrag,Phoca vitulina,80833,2/4/2024
Yamoto,Anhinga rufa,28201,7/10/2023
Zhankhoteko,Dasyurus maculatus,48786,9/19/2023
Tobruk,Crocodylus niloticus,96510,11/18/2023
Tanuma,Canis lupus,56556,6/27/2024
Bergamo,Varanus sp.,37558,3/1/2024
Stakhanov,Acrantophis madagascariensis,31966,11/14/2023
Nīkêh,Cyrtodactylus louisiadensis,35101,8/25/2023
Shatalovo,Ceratotherium simum,55889,10/3/2023
Newbiggin,Uraeginthus angolensis,32582,7/29/2023
Kivertsi,Felis libyca,59764,8/16/2023
Cijayana,Uraeginthus granatina,74075,12/18/2023
Ponoka,Dasyurus maculatus,86091,3/9/2024
Feikeng,Aonyx capensis,96318,6/30/2024
Estancia,Procyon cancrivorus,57792,8/16/2023
Brusque,Callipepla gambelii,56212,8/12/2023
Nouvelle France,Ratufa indica,92066,5/23/2024
Zongzhai,Phalaropus fulicarius,49962,3/21/2024
Gatesville,Pelecanus conspicillatus,63895,3/25/2024
Chengguan,Dipodomys deserti,56413,8/16/2023
Shimen,Tursiops truncatus,49631,5/12/2024
Qinnan,Priodontes maximus,79799,12/14/2023
Smach Mean Chey,Francolinus leucoscepus,29821,12/26/2023
Datong,Lama guanicoe,31852,4/10/2024
Wuku,Macaca nemestrina,39426,12/29/2023
Meadow Lake,Platalea leucordia,12146,9/17/2023
Boñgalon,Bubo sp.,72701,5/17/2024
Shishan,Leprocaulinus vipera,64741,5/19/2024
Tha Bo,Tamiasciurus hudsonicus,91342,4/19/2024
Yingde’er,Macropus rufus,92446,7/15/2023
Emiliano Zapata,Mazama gouazoubira,22544,9/10/2023
Allen,Cacatua galerita,80407,9/5/2023
Abelheira,Stercorarius longicausus,13110,4/16/2024
Murindó,Ardea cinerea,66900,2/10/2024
Nakhchivan,Corvus albicollis,99057,12/30/2023
Sukadana,Lemur fulvus,48002,4/24/2024
Bengras,Uraeginthus bengalus,24268,8/7/2023
Novi Sad,Dromaeus novaehollandiae,12280,11/30/2023
Daxi,Ramphastos tucanus,51251,4/12/2024
Macedo de Cavaleiros,Macropus agilis,27706,5/14/2024
Xiaoguai,Cracticus nigroagularis,71116,12/15/2023
Limoges,Anathana ellioti,80576,11/20/2023
Nzeto,Libellula quadrimaculata,93298,8/21/2023
Obsza,Oreamnos americanus,70300,2/9/2024
Campoalegre,Chlamydosaurus kingii,27192,2/10/2024
Cuba,Ephippiorhynchus mycteria,84103,2/21/2024
Shanghu,Anas platyrhynchos,14538,6/12/2024
Wanglian,Catharacta skua,76380,5/8/2024
Elektrėnai,Pycnonotus nigricans,41362,7/9/2023
Trollhättan,Spermophilus armatus,77777,3/26/2024
Lichengdao,Speotyte cuniculata,17380,5/3/2024
Travesía,Connochaetus taurinus,29395,5/29/2024
Caseros,Ciconia episcopus,22412,8/10/2023
Xinba,Cacatua tenuirostris,97284,1/16/2024
Gamleby,Speotyte cuniculata,20605,5/27/2024
Prapen,Callipepla gambelii,88215,10/26/2023
Ar Rudayyif,Recurvirostra avosetta,90501,1/9/2024
Macroom,Galago crassicaudataus,94927,7/2/2024
Botucatu,Phalaropus fulicarius,31070,7/10/2023
Cikadu,Pycnonotus nigricans,19480,8/3/2023
Saint Petersburg,Trachyphonus vaillantii,62370,1/11/2024
Mkushi,Nyctereutes procyonoides,30186,9/17/2023
Gangnan,Otaria flavescens,62327,5/22/2024
Alcanhões,Chordeiles minor,45374,3/10/2024
Qarah Bāgh Bāzār,Papio ursinus,46857,12/8/2023
Artemivs’k,Crotalus adamanteus,86432,7/6/2024
Burujul,Xerus sp.,98187,10/7/2023
Asunción,Connochaetus taurinus,61995,11/3/2023
San Diego,Cynomys ludovicianus,48715,12/30/2023
Las Tablas,Macaca nemestrina,74984,11/12/2023
Npongge,Ateles paniscus,26278,8/26/2023
San Jose,Macropus rufus,85128,2/12/2024
Nizhniy Novgorod,Conolophus subcristatus,10749,10/7/2023
Xijiao,Mycteria leucocephala,72819,3/11/2024
Kampungtengah,Macropus fuliginosus,30014,8/10/2023
Jiuxian,Potos flavus,79386,2/2/2024
Estoril,Casmerodius albus,51841,2/2/2024
El Quiteño,Rhea americana,91238,9/26/2023
Puente Alto,Dasypus septemcincus,82761,5/14/2024
Hualfín,Cygnus buccinator,71496,12/4/2023
Khadzhalmakhi,Damaliscus lunatus,25179,6/16/2024
Gīdolē,Spermophilus parryii,62553,8/6/2023
Cordeiro,Dasyurus maculatus,27947,9/30/2023
Dicamay,Corvus brachyrhynchos,66131,5/7/2024
New Orleans,Canis mesomelas,75931,6/23/2024
Thamaga,Felis libyca,18214,5/19/2024
Fushan,Centrocercus urophasianus,53330,7/7/2023
Makrychóri,Caiman crocodilus,61514,9/11/2023
Karavan,Picoides pubescens,57235,7/2/2024
Jiangchuan,Eudromia elegans,73504,12/8/2023
Rajūzah,Ciconia episcopus,31799,12/21/2023
Oesao,Mellivora capensis,27955,4/29/2024
Wajir,Ara chloroptera,45425,5/14/2024
Manat,Morelia spilotes variegata,41455,8/15/2023
Utsjoki,Gyps bengalensis,35956,7/20/2023
Uherce Mineralne,Tapirus terrestris,61412,11/25/2023
Barra do Corda,Butorides striatus,31443,12/16/2023
Xinhua,Varanus sp.,54132,9/27/2023
Tagana-an,Tachyglossus aculeatus,52876,12/25/2023
Laem Sing,Merops nubicus,70898,3/26/2024
Bosen,Thylogale stigmatica,74129,5/26/2024
Amaury,Dasyurus viverrinus,24396,6/27/2024
Serowe,Equus burchelli,55716,4/18/2024
Shataping,Dendrohyrax brucel,75338,10/23/2023
Dërmënas,Mazama americana,53900,2/27/2024
Barice,Eolophus roseicapillus,59926,1/17/2024
Vidyayevo,Morelia spilotes variegata,32222,8/25/2023
Burtunay,Chlidonias leucopterus,72171,9/6/2023
Tasikona,Merops sp.,69215,4/30/2024
Hila,Panthera pardus,80596,1/30/2024
Seogeom-ri,Giraffe camelopardalis,51537,4/11/2024
Marisol,Manouria emys,99362,2/27/2024
Itzer,Corallus hortulanus cooki,91985,9/28/2023
Shuangta,Crocodylus niloticus,82024,4/24/2024
Capão da Canoa,Varanus komodensis,93966,7/20/2023
Al ‘Awjā,unavailable,91382,4/2/2024
Rakai,Chlidonias leucopterus,38107,6/26/2024
Baiju,unavailable,26546,8/24/2023
Bandaran,Phascogale calura,80453,9/27/2023
Niedrzwica Duża,Cervus duvauceli,75965,6/25/2024
Fresnes,Ratufa indica,93184,2/18/2024
Invercargill,Bassariscus astutus,85204,3/15/2024
Namur,Ceratotherium simum,63103,6/5/2024
Candon,Geochelone elephantopus,83116,6/26/2024
Wotan,Cacatua tenuirostris,48825,6/8/2024
Malata,Myrmecophaga tridactyla,65355,9/1/2023
Tosno,Ara macao,63798,5/7/2024
Kose,Coracias caudata,11513,9/8/2023
Zelenokumsk,Colaptes campestroides,18840,5/10/2024
Hallstahammar,Hymenolaimus malacorhynchus,42678,10/7/2023
Hamamatsu,Panthera pardus,20866,12/21/2023
Hagfors,Ammospermophilus nelsoni,10758,1/15/2024
Severnyy,Phascolarctos cinereus,12732,2/21/2024
Nusajaya,Tayassu tajacu,54232,6/21/2024
Kukoboy,Perameles nasuta,74923,8/9/2023
Pinheiro,Phalacrocorax albiventer,93224,8/15/2023
Laozhuang,Crotalus triseriatus,39056,5/7/2024
Všestary,Felis silvestris lybica,98264,4/26/2024
Matwaḩ,Merops bullockoides,45965,4/16/2024
Mpigi,Butorides striatus,30032,8/13/2023
Nangalimang,Bassariscus astutus,68397,8/17/2023
Xujiahe,Phascogale calura,72419,4/12/2024
Chexi,Ardea golieth,30499,5/5/2024
Karangora,Cacatua tenuirostris,52362,12/27/2023
Chinú,Pterocles gutturalis,79639,12/4/2023
Huanggu,Trichoglossus haematodus moluccanus,72101,11/1/2023
Denglong,Paradoxurus hermaphroditus,93444,7/15/2023
Ariquemes,Mazama americana,11819,11/30/2023
Columbus,Grus rubicundus,92427,10/4/2023
Venezia,unavailable,52869,7/15/2023
Svorónos,Dasypus novemcinctus,44472,5/29/2024
Carania,Martes americana,16298,3/21/2024
Chak Two Hundred Forty-Nine TDA,Phascogale tapoatafa,93321,12/11/2023
Requião,Phoca vitulina,77849,11/18/2023
Taiba,Corvus albus,93119,11/18/2023
Daja Lorong,Chordeiles minor,19283,4/10/2024
La Colorada,Chelodina longicollis,76216,12/1/2023
Canggou,Cynictis penicillata,54831,7/11/2023
Kardhiq,Drymarchon corias couperi,71111,10/25/2023
Az Zarqā,Ardea cinerea,35264,1/14/2024
Moutnice,Rhea americana,42983,8/16/2023
Kaliuda,Macaca fuscata,91317,5/4/2024
Pršovce,Philetairus socius,58030,10/11/2023
Clearwater,Ardea golieth,55731,7/21/2023
Hollola,Canis aureus,51297,12/4/2023
Várzea,Choloepus hoffmani,13363,2/12/2024
Cortinhas,Drymarchon corias couperi,77211,12/10/2023
Novikovo,Ninox superciliaris,79106,10/14/2023
Welibo,Psophia viridis,31398,7/17/2023
Provo,Diomedea irrorata,90425,2/20/2024
Nangong,Trachyphonus vaillantii,21318,11/5/2023
Casal,Macropus rufogriseus,56647,5/28/2024
Hukvaldy,unavailable,94893,10/2/2023
General Martín Miguel de Güemes,Chelodina longicollis,56972,3/26/2024
Kościerzyna,Conolophus subcristatus,44218,12/20/2023
Ruda Śląska,Castor canadensis,27882,11/22/2023
Tabira,Connochaetus taurinus,81785,8/26/2023
At Tibnī,Phalacrocorax varius,30523,1/31/2024
Bulacan,Rhea americana,87630,8/2/2023
Balrothery,Antilope cervicapra,51907,9/7/2023
Náfplio,Felis wiedi or Leopardus weidi,18457,5/19/2024
Shypyntsi,Oryx gazella,41999,10/14/2023
Chemerivtsi,Papio cynocephalus,12097,3/28/2024
Krajan Suco,Melanerpes erythrocephalus,74650,10/27/2023
Vale,Ursus maritimus,43397,10/6/2023
Soledad,Felis wiedi or Leopardus weidi,19369,12/4/2023
Timba Timuk,Graspus graspus,64898,2/25/2024
Papágou,Cervus duvauceli,27499,9/28/2023
Göteborg,Dasyurus maculatus,86507,9/18/2023
Guanting,Oreamnos americanus,67115,7/27/2023
Al Quţayfah,Martes americana,22568,6/9/2024
Kusak,Actophilornis africanus,48427,10/8/2023
Halmstad,Cervus duvauceli,53825,10/27/2023
La Libertad,Actophilornis africanus,71522,7/12/2023
Dzüünkharaa,Balearica pavonina,55729,9/28/2023
Bristol,Trichosurus vulpecula,33185,3/10/2024
Bouctouche,Panthera pardus,17812,3/3/2024
Liulin,Grus canadensis,67117,12/13/2023
Meiyuan,Lorythaixoides concolor,78393,2/28/2024
Saint-Étienne,Felis wiedi or Leopardus weidi,22215,11/3/2023
Banjar Peguyangan,Mycteria leucocephala,65539,9/18/2023
Boise,Nucifraga columbiana,72708,10/1/2023
Podkamennaya Tunguska,Limosa haemastica,11448,11/12/2023
Walakeri,Vicugna vicugna,57110,10/27/2023
Ramadi,Vulpes chama,11767,10/31/2023
Libas,Limnocorax flavirostra,35094,1/30/2024
Ćićevac,Canis latrans,19868,6/14/2024
Nijemci,Boselaphus tragocamelus,30525,11/17/2023
Zhoupu,Ephippiorhynchus mycteria,65603,4/2/2024
Potoci,Oreamnos americanus,15224,5/28/2024
Jejkowice,Dasyurus maculatus,93289,8/31/2023
Dachnoye,Paradoxurus hermaphroditus,83627,6/3/2024
Chư Prông,Larus dominicanus,66476,8/26/2023
Lianjiangkou,Ephipplorhynchus senegalensis,41443,1/23/2024
Krivodanovka,Fratercula corniculata,29609,5/27/2024
Asíni,Callipepla gambelii,36162,10/5/2023
Majzar,Gyps fulvus,27997,9/11/2023
Laojiangjunjie,Thamnolaea cinnmomeiventris,68676,1/24/2024
Enshi,Tiliqua scincoides,77620,12/13/2023
Düsseldorf,Tachybaptus ruficollis,61967,6/4/2024
Santa Luzia,Uraeginthus granatina,16834,1/15/2024
Shu,Myotis lucifugus,17174,7/19/2023
Nocaima,Panthera leo,87931,12/13/2023
Ruchihe,Pelecanus occidentalis,87622,2/12/2024
Ciriri,unavailable,87681,2/22/2024
Corroios,Oreamnos americanus,79325,9/27/2023
Tabogon,Picoides pubescens,30211,3/29/2024
Atengmelang,Anitibyx armatus,99089,9/19/2023
Karangmelok,Eumetopias jubatus,36285,11/17/2023
Spirit River,Canis aureus,34317,3/14/2024
Iţsā,Capreolus capreolus,33472,5/6/2024
Ergates,Macropus fuliginosus,93265,3/1/2024
Jargalant,Bucephala clangula,93595,4/30/2024
Mashi,Semnopithecus entellus,17838,11/27/2023
Luleå,Junonia genoveua,47587,5/27/2024
Liutan,Cyrtodactylus louisiadensis,72111,2/15/2024
General Vedia,Propithecus verreauxi,27436,5/22/2024
Passo,Paraxerus cepapi,17181,7/26/2023
Urpay,Sciurus vulgaris,71499,6/5/2024
Kharabali,Paradoxurus hermaphroditus,58661,9/4/2023
Dykan’ka,Haliaeetus leucoryphus,46172,12/11/2023
Mbanga,Felis concolor,88418,10/14/2023
Crossfield,Alligator mississippiensis,13100,11/14/2023
Cértegui,Trichechus inunguis,38025,12/30/2023
Aghavnatun,Nectarinia chalybea,90246,10/27/2023
Mós,Geochelone elephantopus,31037,11/6/2023
Almaznyy,Oxybelis fulgidus,85984,4/2/2024
Otlja,Dasypus novemcinctus,66800,10/28/2023
Kopang Satu,Acrantophis madagascariensis,17854,11/26/2023
Lagoa da Prata,Xerus sp.,31253,3/5/2024
Bendosari,Mazama gouazoubira,18151,5/7/2024
Nanhe,Nyctanassa violacea,79173,5/16/2024
Shardara,Spermophilus lateralis,57205,9/23/2023
Sipoholon,Buteo galapagoensis,84835,1/13/2024
Mirovice,Macropus fuliginosus,50456,7/24/2023
Kajiki,Cervus unicolor,74825,12/14/2023
San Isidro de Lules,Tachybaptus ruficollis,58001,12/3/2023
Murganhal,Capra ibex,76194,8/14/2023
Kranggan,Tenrec ecaudatus,40738,10/8/2023
Vershino-Shakhtaminskiy,Oryx gazella callotis,20694,2/26/2024
Coronel Vivida,Arctogalidia trivirgata,26478,3/24/2024
Shiban,Macaca mulatta,19097,12/4/2023
Maguan,Haliaetus vocifer,16886,8/15/2023
Natakoli,Colobus guerza,79337,4/10/2024
Al Badārī,Sitta canadensis,41811,4/14/2024
Rio das Pedras,Marmota flaviventris,17153,11/20/2023
Sanchahe,Plocepasser mahali,76034,10/23/2023
Nieying,Vulpes cinereoargenteus,50770,3/31/2024
Banjarbaru,Toxostoma curvirostre,65129,4/6/2024
Anzihao,Eutamias minimus,45709,8/13/2023
Jibu,Suricata suricatta,66818,12/4/2023
Xinzheng,Lutra canadensis,28361,4/19/2024
Youkaichi,Hystrix cristata,64216,9/8/2023
Pangkalan,Ardea cinerea,42829,7/23/2023
Kamionka Wielka,Felis wiedi or Leopardus weidi,69079,5/22/2024
Borlänge,Macropus eugenii,83303,12/8/2023
Xiaoling,Pavo cristatus,17131,5/4/2024
Vyshneye Dolgoye,Choloepus hoffmani,59227,9/12/2023
Messina,Hystrix cristata,58413,10/1/2023
Otavi,Tayassu pecari,52367,3/14/2024
Burunday,Funambulus pennati,17060,4/23/2024
Tong’an,Morelia spilotes variegata,94945,7/29/2023
Taochuan,Nasua narica,57527,10/8/2023
Jandira,Graspus graspus,10067,8/4/2023
Corupá,Echimys chrysurus,35179,2/20/2024
Mengdadazhuang,Passer domesticus,97230,2/16/2024
Braunschweig,Canis lupus baileyi,63335,1/20/2024
São Julião do Tojal,Francolinus leucoscepus,15247,10/2/2023
Ngora,Larus fuliginosus,44254,5/24/2024
Danglang Hudong,Colobus guerza,51493,5/1/2024
High River,Hystrix cristata,43791,5/7/2024
Konin,Lybius torquatus,50071,6/12/2024
Mozdok,Phascogale tapoatafa,64835,1/30/2024
Uzgen,Acridotheres tristis,48720,6/8/2024
Tonota,Mellivora capensis,21831,4/7/2024
Karagach,Eremophila alpestris,55016,2/13/2024
Guwoterus,Castor fiber,23436,10/22/2023
Paço de Arcos,Columba palumbus,17245,11/8/2023
Songshu,Ictonyx striatus,23009,8/6/2023
Puno,Phascolarctos cinereus,78807,12/1/2023
Dauriya,Ninox superciliaris,28534,2/16/2024
Willemstad,Aonyx capensis,72322,4/11/2024
Pasar Kidul,Bettongia penicillata,39993,1/12/2024
Bang Yai,Butorides striatus,82397,7/24/2023
Montemor-o-Velho,Plocepasser mahali,63688,12/29/2023
Jiucheng,Alouatta seniculus,74355,4/17/2024
Dukay,Bassariscus astutus,60973,12/15/2023
Chenchang,Ciconia episcopus,25142,8/16/2023
Itéa,Otaria flavescens,12256,7/15/2023
Safara,Chauna torquata,22251,12/26/2023
Rzhavki,Neophron percnopterus,89904,2/13/2024
Santa Maria do Souto,Thylogale stigmatica,38055,7/27/2023
Velestíno,Ursus americanus,51901,10/29/2023
Bergen,Tursiops truncatus,12645,2/11/2024
Tushi,Libellula quadrimaculata,28769,12/30/2023
Bocaiúva,Graspus graspus,20744,3/1/2024
Nol,Ovis canadensis,73459,5/10/2024
Inashiki,Panthera tigris,58902,11/19/2023
San Pedro Zacapa,Neotis denhami,54862,11/5/2023
Pires do Rio,Cebus apella,19873,5/8/2024
Rahama,Prionace glauca,94644,4/4/2024
Barreiro do Jaíba,Vombatus ursinus,16298,1/25/2024
Jambean,Cereopsis novaehollandiae,65216,1/31/2024
Dokolo,Varanus sp.,65701,1/29/2024
Karvia,Pycnonotus nigricans,58585,11/30/2023
Brusartsi,Sauromalus obesus,14178,9/28/2023
Almodôvar,Plectopterus gambensis,58180,7/21/2023
Niechanowo,Canis dingo,56717,5/8/2024
Campechuela,Haematopus ater,45081,6/4/2024
Kingston,Merops bullockoides,28030,6/26/2024
Cañete,Cervus unicolor,39991,9/6/2023
Mizhirah,Sula dactylatra,55320,10/14/2023
Oussivo,Ovis ammon,75918,5/22/2024
Atok,Buteo galapagoensis,50403,3/11/2024
Fāmenīn,Echimys chrysurus,73133,6/7/2024
Czudec,Phaethon aethereus,53483,9/1/2023
Paulba,Theropithecus gelada,59326,5/6/2024
Pindangan Centro,Conolophus subcristatus,58098,8/12/2023
Liuzhi,Eudyptula minor,34799,12/28/2023
Stockholm,Aonyx capensis,73195,6/7/2024
Wudian,Phalaropus lobatus,96531,10/17/2023
Bungoma,Corythornis cristata,66123,6/17/2024
Cali,Estrilda erythronotos,71943,10/30/2023
Sandweiler,Laniaurius atrococcineus,11654,5/22/2024
Czerniewice,Carduelis pinus,65508,6/20/2024
Kawęczyn,Spermophilus parryii,19779,7/22/2023
Cincinnati,Pseudalopex gymnocercus,77319,5/3/2024
Gaiyang,Colobus guerza,88820,3/7/2024
Abucayan,Ardea golieth,31171,9/4/2023
Flor da Mata,Macaca mulatta,92230,5/19/2024
Trondheim,Anthropoides paradisea,66415,2/25/2024
Mranggen,Streptopelia decipiens,81890,11/19/2023
Smokvica,Ephipplorhynchus senegalensis,49330,9/30/2023
Velká nad Veličkou,Theropithecus gelada,66612,6/20/2024
Kawangu,Potos flavus,20667,2/22/2024
Desa Werasari,Merops nubicus,64280,9/21/2023
Carpina,Pterocles gutturalis,24200,8/3/2023
Kungshamn,Plectopterus gambensis,86500,2/21/2024
Shamva,Charadrius tricollaris,48103,4/4/2024
Cigoong,Actophilornis africanus,45912,7/11/2023
Paris 19,Petaurus norfolcensis,52402,8/25/2023
Cai Doi Vam,Marmota flaviventris,82144,9/11/2023
Katabu,Felis silvestris lybica,74261,6/27/2024
Yigo Village,Charadrius tricollaris,19075,3/19/2024
Dayushu,Melursus ursinus,82471,9/14/2023
Caijiagang,Rhabdomys pumilio,29308,3/30/2024
Xinming,Vulpes vulpes,17612,1/25/2024
Sambava,Salvadora hexalepis,58933,6/4/2024
Zubin Potok,Recurvirostra avosetta,30787,9/14/2023
Staré Město,Branta canadensis,83810,6/4/2024
Fuji,Paroaria gularis,32711,8/20/2023
Ipaba,Platalea leucordia,36375,11/17/2023
Bagneux,unavailable,52584,9/3/2023
Ollachea,Bettongia penicillata,44229,8/10/2023
Gbawe,Butorides striatus,45278,12/22/2023
Destrnik,Cacatua tenuirostris,37597,9/27/2023
Wucheng,Meles meles,22569,10/20/2023
Gómfoi,Butorides striatus,42007,4/14/2024
Quevedo,Delphinus delphis,34836,10/27/2023
Khārān,Casmerodius albus,57499,4/18/2024
Casilda,Anitibyx armatus,11418,5/8/2024
Anin,Corvus albicollis,52861,5/2/2024
Huangtukuang,Ursus maritimus,67905,3/30/2024
Tuntum,Alcelaphus buselaphus caama,20489,11/29/2023
Thị Trấn Hà Trung,Psophia viridis,95015,3/10/2024
Barajevo,Melanerpes erythrocephalus,27203,10/20/2023
Morden,Felis silvestris lybica,18167,11/10/2023
Stockholm,Bubalornis niger,43938,6/27/2024
Changyi,Boselaphus tragocamelus,83578,5/22/2024
Macha,Cercopithecus aethiops,92076,8/13/2023
Huangjiakou,Castor fiber,34753,12/16/2023
Río Cauto,Propithecus verreauxi,85021,11/18/2023
Tsuruga,Coracias caudata,69277,9/16/2023
San Carlos,Phylurus milli,70748,11/9/2023
Jinhua,Rangifer tarandus,30221,3/25/2024
Saint-Avold,Rangifer tarandus,19894,7/14/2023
Jiangwang,Cracticus nigroagularis,60221,2/23/2024
Starcevica,Gyps bengalensis,40805,11/11/2023
Néa Ionía,Choloepus hoffmani,52793,1/6/2024
Mucllo,Pseudoleistes virescens,27107,9/9/2023
Zhamog,Acanthaster planci,42237,6/18/2024
Bara Datu,unavailable,39109,7/22/2023
Kuluran,Diomedea irrorata,20055,9/23/2023
Rio de Janeiro,Fulica cristata,91282,11/16/2023
Gowurdak,Corallus hortulanus cooki,24973,8/26/2023
Samoš,Varanus salvator,13949,6/4/2024
Shahumyan,Odocoilenaus virginianus,51340,7/13/2023
Lincoln,unavailable,60781,6/25/2024
Piripiri,Melanerpes erythrocephalus,23265,11/29/2023
Matumadua,Paradoxurus hermaphroditus,73594,3/31/2024
Suna,Rhea americana,28331,9/8/2023
Manizales,Tenrec ecaudatus,82855,1/8/2024
Piraju,Corvus albicollis,63074,12/12/2023
Jiangcheng,Aegypius occipitalis,15579,5/28/2024
Whitegate,Dipodomys deserti,19837,5/13/2024
Outeiro,Cercopithecus aethiops,35871,4/28/2024
Cabrero,Trichoglossus haematodus moluccanus,71952,1/12/2024
Dzerzhinsk,Pseudocheirus peregrinus,55941,1/11/2024
Nawābganj,Isoodon obesulus,87301,7/16/2023
Manggissari,Lybius torquatus,61709,1/4/2024
Tulu Bolo,Phylurus milli,72824,6/28/2024
Panzhou,Dendrocitta vagabunda,63235,8/23/2023
Trat,Mazama gouazoubira,56299,11/12/2023
Karangtawar,Colobus guerza,84177,8/21/2023
Babakantonggoh,Oryx gazella,24446,4/4/2024
Almaguer North,Ardea cinerea,42696,5/6/2024
Płock,Dolichitus patagonum,90160,10/23/2023
Shīrvān,Phoenicopterus ruber,52119,12/1/2023
Qianxu Zhen,Columba livia,43304,7/29/2023
Nikol’skoye,Tachyglossus aculeatus,89565,5/4/2024
Amahusu,Hymenolaimus malacorhynchus,96608,4/25/2024
Bastos,Sula dactylatra,61369,3/24/2024
Jamaica,Canis dingo,84163,11/30/2023
Dobra,Spermophilus richardsonii,59082,8/11/2023
Ucluelet,Potos flavus,23180,8/10/2023
Le Chambon-Feugerolles,Aonyx capensis,49290,11/30/2023
Mhango,Macaca fuscata,30364,9/16/2023
Elekmonar,Milvago chimachima,90832,4/9/2024
Duba,Callipepla gambelii,73577,2/6/2024
Forshaga,Buteo regalis,38848,6/22/2024
Ruyigi,Cynomys ludovicianus,60139,3/27/2024
Stockholm,Dacelo novaeguineae,77132,3/6/2024
Niort,Echimys chrysurus,43473,10/14/2023
Kotlyarevskaya,Butorides striatus,28925,8/9/2023
La Maná,Coluber constrictor,50090,8/5/2023
Чегране,Zosterops pallidus,10477,3/12/2024
Khudoyelanskoye,Spheniscus mendiculus,96439,3/19/2024
Aquia,Sagittarius serpentarius,54895,10/5/2023
Byahoml’,Sarcophilus harrisii,94788,11/7/2023
Sundawenang,Aonyx capensis,11460,12/24/2023
Ordóñez,Ninox superciliaris,32621,8/11/2023
Hyattsville,Macropus rufus,44881,5/4/2024
Itajuípe,Ictonyx striatus,49133,1/5/2024
Altos,Psittacula krameri,77248,11/28/2023
Chicago,Corvus albicollis,21963,10/2/2023
Strasbourg,Lorythaixoides concolor,48716,12/7/2023
Rybinsk,Eremophila alpestris,43629,5/12/2024
Baisha,Paroaria gularis,30570,6/13/2024
Igarapé Miri,Ceryle rudis,84382,10/26/2023
Pasirjaya,Heloderma horridum,15981,3/11/2024
Port-de-Bouc,Pitangus sulphuratus,62054,7/7/2023
Binglincha,Butorides striatus,21594,1/16/2024
Mache,Creagrus furcatus,66782,11/24/2023
San Marcos,Limosa haemastica,35746,6/16/2024
Jingchuan,Oryx gazella callotis,94033,12/11/2023
Choma,Vulpes cinereoargenteus,29859,7/3/2024
Siikainen,Papio cynocephalus,94741,9/22/2023
Slobidka,Haliaetus leucogaster,77646,10/30/2023
San Casimiro,Cebus apella,65365,2/21/2024
São Pedro,Otaria flavescens,63754,8/13/2023
Bouaflé,Ratufa indica,19406,4/4/2024
Gakem,Felis silvestris lybica,67666,7/17/2023
Atins,Cygnus atratus,32337,1/6/2024
Baorixile,Streptopelia decipiens,39498,10/30/2023
Brckovljani,Stercorarius longicausus,27189,7/15/2023
Lanpelan,Phalacrocorax niger,94841,9/18/2023
Xaçmaz,Macropus fuliginosus,81979,6/29/2024
Talalayivka,Scolopax minor,48219,11/22/2023
Pozhang,Bubo virginianus,45187,9/27/2023
Hollola,Varanus albigularis,19865,8/14/2023
Nangkasari,Hystrix cristata,12361,1/17/2024
Пласница,Bison bison,53481,5/16/2024
Dipayal,Nyctea scandiaca,16156,10/14/2023
Pyu,Otaria flavescens,55766,2/3/2024
Setonokalong,Agkistrodon piscivorus,15192,11/26/2023
Lyon,Mazama gouazoubira,66211,5/13/2024
Xinli,Nycticorax nycticorax,92648,6/21/2024
Helsingborg,Thalasseus maximus,29734,3/21/2024
Shchigry,Pseudocheirus peregrinus,72307,9/20/2023
Doña Remedios Trinidad,Lorythaixoides concolor,79883,7/19/2023
Bieniewice,Papio ursinus,71067,6/3/2024
Zhangjiaji,Porphyrio porphyrio,55355,2/19/2024
Kowŏn-ŭp,unavailable,69750,12/17/2023
Mujur Satu,Buteo jamaicensis,54191,11/2/2023
Žlutice,Phascogale calura,13367,10/29/2023
Paiçandu,Leptoptilus dubius,52274,1/8/2024
Hedao,Centrocercus urophasianus,60574,11/16/2023
Sidowayah Lor,Podargus strigoides,83428,3/28/2024
Pouzauges,Sarkidornis melanotos,66503,6/27/2024
Inuotose,Ammospermophilus nelsoni,36224,3/23/2024
Węgliniec,Eira barbata,75890,9/6/2023
Obolensk,Falco mexicanus,41967,8/5/2023
Miandrivazo,Giraffe camelopardalis,58656,8/20/2023
Penedo,Felis silvestris lybica,24002,2/7/2024
Kalilu,Macropus agilis,91152,10/4/2023
Korenëvo,Ramphastos tucanus,60493,3/18/2024
Pittsburgh,Trachyphonus vaillantii,73543,4/14/2024
Göteborg,Cervus canadensis,86505,4/6/2024
Lidingö,Trichosurus vulpecula,25298,1/27/2024
Paris 13,Tadorna tadorna,35209,5/28/2024
Wangcheng,Smithopsis crassicaudata,23328,4/30/2024
Prao,Axis axis,49022,3/19/2024
Ferreira do Zêzere,Turtur chalcospilos,59700,11/20/2023
Soio,Francolinus leucoscepus,78876,1/30/2024
Lasehao,Elephas maximus bengalensis,43288,11/26/2023
Jaguarari,Zonotrichia capensis,81908,1/5/2024
Panalanoy,Lasiorhinus latifrons,17383,9/6/2023
Tân Hưng,Motacilla aguimp,32335,1/20/2024
Phra Phrom,Bassariscus astutus,31604,2/24/2024
Kafr Takhārīm,Uraeginthus angolensis,53759,4/2/2024
Qaşr Hallāl,Manouria emys,64372,10/11/2023
Huadian,Alcelaphus buselaphus cokii,58302,6/1/2024
Pangushan,Pycnonotus nigricans,53971,9/28/2023
Al ‘Ayzarīyah,Spermophilus lateralis,33152,8/10/2023
Victoria Falls,unavailable,58950,7/5/2024
Sukabumi,Ornithorhynchus anatinus,93421,12/9/2023
Mananum,Cordylus giganteus,43591,11/25/2023
Yanino Vtoroye,Cebus nigrivittatus,99312,12/9/2023
Huangkeng,Eolophus roseicapillus,16025,9/16/2023
Zhougao,Cordylus giganteus,53118,8/21/2023
Herby,Papio cynocephalus,47440,8/8/2023
Manika,Antechinus flavipes,20347,11/12/2023
Horní Štěpánov,Heloderma horridum,67694,9/15/2023
Aniva,Bubalus arnee,90391,5/24/2024
Yishi,Alopex lagopus,13623,12/23/2023
Kalunan,Cereopsis novaehollandiae,63200,6/6/2024
Tiznit,Hystrix cristata,62725,11/10/2023
Paris 17,Madoqua kirkii,71363,5/10/2024
Torres,Libellula quadrimaculata,40142,2/25/2024
Kalvola,Tachyglossus aculeatus,45248,10/28/2023
Santo Domingo,Tayassu pecari,51564,7/16/2023
Spartanburg,Dendrocygna viduata,75449,3/27/2024
Ruixi,Ursus americanus,90837,9/23/2023
Cawalo,Dusicyon thous,68057,9/8/2023
Malaga,Rhea americana,81575,7/27/2023
Cabanbanan,Felis libyca,24611,1/24/2024
Bolilao,Scolopax minor,12392,5/31/2024
Naikolan,Mirounga angustirostris,46915,12/16/2023
Quinta do Sobrado,Tragelaphus strepsiceros,32613,4/20/2024
Davyd-Haradok,Felis silvestris lybica,25122,8/29/2023
Fengcun,Phoca vitulina,51548,3/28/2024
Barranqueras,Speothos vanaticus,13722,9/21/2023
Barajalan,Sylvicapra grimma,69879,2/26/2024
Beaufort,Cervus canadensis,22105,8/31/2023
Jayaraga Kaler,Galictis vittata,45887,5/25/2024
Erhe,Panthera leo persica,61774,1/27/2024
Hovorany,Charadrius tricollaris,41128,10/8/2023
Ban Phaeo,Streptopelia senegalensis,74088,3/5/2024
Sayaxché,Semnopithecus entellus,38506,11/7/2023
Nacka,Nucifraga columbiana,42602,4/26/2024
Ciketak,unavailable,58446,5/5/2024
El Paso,Acanthaster planci,23342,11/19/2023
La Ceja,Tockus flavirostris,99281,8/9/2023
Mao’er,Tachyglossus aculeatus,13523,7/9/2023
Mulyosari,Acridotheres tristis,22277,9/24/2023
Oni,Lepus arcticus,17917,6/6/2024
Ndibène Dahra,Tachyglossus aculeatus,60134,3/2/2024
Međa,Acridotheres tristis,84215,1/22/2024
Mander,Castor fiber,59302,9/28/2023
Czechowice-Dziedzice,Sciurus vulgaris,41456,9/24/2023
Mentaraman Satu,Laniarius ferrugineus,99270,3/22/2024
Dokshytsy,Mellivora capensis,68380,4/24/2024
Hayama,Ceryle rudis,61037,11/3/2023
Changyi,Phalaropus fulicarius,92490,3/17/2024
Jianjiang,Varanus komodensis,68687,3/7/2024
Shahezi,Larus dominicanus,87746,5/12/2024
Juhaynah,Pelecans onocratalus,91708,1/14/2024
Shaoha,Canis lupus,93474,7/8/2023
Strasbourg,Tamandua tetradactyla,48212,2/14/2024
Cortinhas,Dendrocygna viduata,51652,7/23/2023
Mieścisko,Cygnus atratus,42652,1/10/2024
La Mohammedia,Corvus albicollis,49014,3/13/2024
Phoenix,Ramphastos tucanus,93072,2/16/2024
Jugezhuang,Melanerpes erythrocephalus,28734,10/11/2023
